startLat,startLon,endLat,endLon,midLat,midLon,yearStart,yearEnd,titleEn,titleHe,color,description,url
32.33,35.23,36.366667,43.15,38.826785,39.03967,-734,-715,Assyrian Captivity,גלות אשור,expulsion_color,Tiglath-Pileser III and Sargon II  captured northern Kingdom of Israel resettled Israelites in Assyria and Media ,https://en.wikipedia.org/wiki/Assyrian_Captivity
32.27669256464428,35.19225042818052,36.826785,40.03967,32.0,39.0,-734,-715,Assyrian Captivity,גלות אשור,expulsion_color,Tiglath-Pileser III and Sargon II captured northern Kingdom of Israel resettled Israelites in Assyria and Media,https://en.wikipedia.org/wiki/Assyrian_Captivity
34.5,39.2276,36.0,43.0,34.0,41.0,-734,-715,Assyrian Captivity,גלות אשור,expulsion_color,Tiglath-Pileser III and Sargon II captured northern Kingdom of Israel resettled Israelites in Assyria and Media,https://en.wikipedia.org/wiki/Assyrian_Captivity
31.7683,35.2137,32.536389,44.420833,39.5,38,-586,-516,Babylonian Exile,גלות בבל,expulsion_color,Migration pattern from Jerusalem to major diaspora centers,https://en.wikipedia.org/wiki/Babylonian_Exile
41.9028,12.4964,42.0,13.6,42.0,13.3,-139,-139,Expulsion from Rome (139 BCE),"גירוש מרומא (139 לפנה""ס)",expulsion_color,Expulsion from the city of Rome under the accusation of aggressive proselytizing amongst the Romans,https://en.wikipedia.org/wiki/Expulsions_and_exoduses_of_Jews#500%E2%80%931_BCE
41.9028,12.4964,42.0,13.6,42.0,13.3,19,19,Expulsion from Rome (19 CE),גירוש מרומא (19 לספירה),expulsion_color,Expulsion from the city of Rome by Emperor Tiberius together with practitioners of the Egyptian religion,https://en.wikipedia.org/wiki/Claudius%27_expulsion_of_Jews_from_Rome
43.8430,10.5079,49.9929,8.2473,46.5,9.0,920,920,R. Moses of Lucca and son Kalonymus move to Mainz (920),ר' משה מלוקה ובנו קלונימוס עוברים למיינץ (920),emigration_color,R. Moses of Lucca of N. Italy and son Kalonymus move to Mainz–becoming forefathers of German Jewish culture. Kalonymus' Responsa c. 940 are the oldest native products of Ashkenazi Jewry.,https://en.wikipedia.org/wiki/R._Moses_of_Lucca_and_son_Kalonymus_move_to_Mainz
48.864716,2.349014,44.4056,8.938095,44.4,4.777,1096,1100,First Crusade Paris-Lion-Genoa 1,מסע הצלב הראשון,crusades_color,First Crusade,https://en.wikipedia.org/wiki/First_Crusade
44.4056,8.938095,41.8931765,12.4869048,44.05,11.,1096,1100,First Crusade Genoa-Rome 2.,מסע הצלב הראשון,crusades_color,First Crusade,https://en.wikipedia.org/wiki/First_Crusade
45.7831, 3.0824,45.7,4.833,45.7,4.7,1096,1100,First Crusade Clermont-Lion 1a,מסע הצלב הראשון,crusades_color,First Crusade,https://en.wikipedia.org/wiki/First_Crusade
43.6047,1.4442,45.7,4.834277,44.5,4.834277,1096,1100,First Crusade - Toulouse-Lion 3.,מסע הצלב הראשון - מטולוז לגנואה,crusades_color,First Crusade route from Toulouse via Marseille to Genoa,https://en.wikipedia.org/wiki/First_Crusade
41.8931765,12.4869048,41.127,16.873,41.2,12.4964,1096,1100,First Crusade - Rome to Bari 4.,מסע הצלב הראשון - מגנואה לרומא,crusades_color,First Crusade route from Genoa to Rome,https://en.wikipedia.org/wiki/First_Crusade
41.127,16.875,41.3185,19.4558,41.2,18.4,1096,1100,First Crusade - Bari to Dyrrachium 5.,מסע הצלב הראשון - מרומא לברי,crusades_color,First Crusade route from Rome to Bari,https://en.wikipedia.org/wiki/First_Crusade
41.3189,19.4558,41.0082,28.9784,41.3,27.1287,1096,1100,First Crusade - Dyrrachium to Constantinople 6.,מסע הצלב הראשון - מברי לקונסטנטינופול,crusades_color,First Crusade route from Bari across Adriatic to Constantinople,https://en.wikipedia.org/wiki/First_Crusade
41.0082,28.9784,36.920383345004005, 34.89569171727735,41.0,30.11,1096,1100,First Crusade - Constantinople to Tarsus  7.,מסע הצלב הראשון - מקונסטנטינופול לאנטיוכיה,crusades_color,First Crusade route from Constantinople through Anatolia to Antioch,https://en.wikipedia.org/wiki/First_Crusade
36.920383345004005, 34.89569171727735,36.20271448, 36.160484,37.4,36.6,1096,1100,First Crusade - Tarsus to Antioch 8.,מסע הצלב הראשון - מאנטיוכיה לירושלים,crusades_color,First Crusade route from Antioch to Jerusalem,https://en.wikipedia.org/wiki/First_Crusade
49.1197,6.1764,49.012388,12.0988,49,12.0,1096,1100,First Crusade - Metz-Regensburg 9.,מסע הצלב הראשון - ממץ לרגנסבורג,crusades_color,First Crusade route from Metz to Regensburg,https://en.wikipedia.org/wiki/First_Crusade
49.012388,12.0988,48.2073923, 16.375864,47.8,15.2,1096,1100,First Crusade - Regensburg-Vienna 10 .,מסע הצלב הראשון - מרגנסבורג לדירכיום,crusades_color,First Crusade route from Regensburg via Vienna to Dyrrhachium,https://en.wikipedia.org/wiki/First_Crusade
36.2000,36.1667,34.43578124221604, 35.837756786015525,34.4,36.25,1096,1100,First Crusade - Antioch to Tripoli 11 .,מסע הצלב הראשון - מאנטיוכיה לטריפולי,crusades_color,First Crusade route from Antioch to Tripoli,https://en.wikipedia.org/wiki/First_Crusade_-_Antioch_to_Tripoli
34.43578124221604, 35.837756786015525,32.928, 35.083,34.13,35.75,1096,1100,First Crusade - Tripoli to Acre 12 .,מסע הצלב הראשון - מטריפולי לירושלים,crusades_color,First Crusade route from Tripoli via Acre to Jerusalem,https://en.wikipedia.org/wiki/First_Crusade_-_Tripoli_to_Jerusalem
32.928, 35.083,31.778468761, 35.22766133,31.6,34.5,1096,1100,First Crusade - Acre to Jerusalem 13 .,מסע הצלב הראשון - מטריפולי לירושלים,crusades_color,First Crusade route from Tripoli via Acre to Jerusalem,https://en.wikipedia.org/wiki/First_Crusade_-_Tripoli_to_Jerusalem
48.2065, 16.377,45.3,18.9,45.7,17.0,1096,1100,First Crusade - Vienna to Niš (Naissus) 14a .,מסע הצלב הראשון - מטריפולי לירושלים,crusades_color,First Crusade route from Tripoli via Acre to Jerusalem,https://en.wikipedia.org/wiki/First_Crusade_-_Tripoli_to_Jerusalem
45.3,18.9,43.3218026, 21.8956,44.05, 21.89,1096,1100,First Crusade - Vienna to Niš (Naissus) 14b .,מסע הצלב הראשון - מטריפולי לירושלים,crusades_color,First Crusade route from Tripoli via Acre to Jerusalem,https://en.wikipedia.org/wiki/First_Crusade_-_Tripoli_to_Jerusalem
43.3218026, 21.8956,41.68, 26.5477,42.1,24,1096,1100,First Crusade - Naissus to Edirne (Adrianople) 15 .,מסע הצלב הראשון - מטריפולי לירושלים,crusades_color,First Crusade route from Tripoli via Acre to Jerusalem,https://en.wikipedia.org/wiki/First_Crusade_-_Tripoli_to_Jerusalem
41.68, 26.5477,41.0082,28.9784,41.2,27.1287,1096,1100,First Crusade - Edirne (Adrianople) to Constantinople 16 .,מסע הצלב הראשון - מטריפולי לירושלים,crusades_color,First Crusade route from Tripoli via Acre to Jerusalem,https://en.wikipedia.org/wiki/First_Crusade_-_Tripoli_to_Jerusalem
45.7,4.833,45.43713,12.33265,45.3,8.0,1096,1100,First Crusade - Lion to Venice 17 .,מסע הצלב הראשון - מטריפולי לירושלים,crusades_color,First Crusade route from Tripoli via Acre to Jerusalem,https://en.wikipedia.org/wiki/First_Crusade_-_Tripoli_to_Jerusalem
45.43713,12.33265,43.50891,16.43915,46.73,14.5,1096,1100,First Crusade - Venice to Split 18 .,מסע הצלב הראשון - מטריפולי לירושלים,crusades_color,First Crusade route from Tripoli via Acre to Jerusalem,https://en.wikipedia.org/wiki/First_Crusade_-_Tripoli_to_Jerusalem
43.50891,16.43915,42.65062956, 18.09786638,43.2,18.0,1096,1100,First Crusade - Split to Dubrovnik (Ragusa) 19 .,מסע הצלב הראשון - מטריפולי לירושלים,crusades_color,First Crusade route from Tripoli via Acre to Jerusalem,https://en.wikipedia.org/wiki/First_Crusade_-_Tripoli_to_Jerusalem
42.65062956, 18.09786638,41.3255276483, 19.455543,42.65,20.5,1096,1100,First Crusade - Dubrovnik (Ragusa) to Durrës (Dyrrachium) 20 .,מסע הצלב הראשון - מטריפולי לירושלים,crusades_color,First Crusade route from Tripoli via Acre to Jerusalem,https://en.wikipedia.org/wiki/First_Crusade_-_Tripoli_to_Jerusalem
37.051,35.823,37.164373, 38.793901,37.164373,38,1096,1100,"First Crusade - Tarsus to Edessa (Şanlıurfa, Urfa) 21.",מסע הצלב הראשון - מטריפולי לירושלים,crusades_color,First Crusade route from Tripoli via Acre to Jerusalem,https://en.wikipedia.org/wiki/First_Crusade_-_Tripoli_to_Jerusalem
49.012388,12.0988,48.2073923, 16.375864,47.8,15.2,1147,1149,Second Crusade - Regensburg to Vienna 1 .,מסע הצלב השני - ממץ לקונסטנטינופול,crusades_color,Second Crusade overland route from Metz via Regensburg and Vienna to Constantinople,https://en.wikipedia.org/wiki/Second_Crusade_-_Metz_to_Constantinople
48.2065, 16.377,45.3,18.9,45.7,17.0,1147,1149,Second Crusade - Vienna to Niš (Naissus)  2a .,מסע הצלב השני - מקונסטנטינופול לאנטיוכיה,crusades_color,Second Crusade route from Constantinople to Antioch,https://en.wikipedia.org/wiki/Second_Crusade_-_Constantinople_to_Antioch
45.3,18.9,43.3218026, 21.8956,44.05, 21.89,1147,1149,Second Crusade - Vienna to Niš (Naissus)  2b .,מסע הצלב השני - מקונסטנטינופול לאנטיוכיה,crusades_color,Second Crusade route from Constantinople to Antioch,https://en.wikipedia.org/wiki/Second_Crusade_-_Constantinople_to_Antioch
43.3218026, 21.8956,41.68, 26.5477,42.1,24,1147,1149,Second Crusade - Niš (Naissus) to Edirne (Adrianople) 3.,מסע הצלב השני - מאנטיוכיה לדמשק,crusades_color,Second Crusade route from Antioch to Damascus,https://en.wikipedia.org/wiki/Second_Crusade_-_Antioch_to_Damascus
41.68, 26.5477,41.0082,28.9784,41.2,27.1287,1147,1149,Second Crusade - Edirne (Adrianople) to Constantinople 4,מסע הצלב השני - מרגנסבורג לקונסטנטינופול,crusades_color,Second Crusade route from Regensburg via Vienna to Constantinople,https://en.wikipedia.org/wiki/Second_Crusade_-_Regensburg_to_Constantinople
41.0082,28.9784,39.750,28.0,40.5,32.24,1147,1149,Second Crusade - Constantinople to İzmir (Smyrna) 5.,מסע הצלב השני - מקונסטנטינופול לאנטוליה,crusades_color,Second Crusade route from Constantinople through Anatolia,https://en.wikipedia.org/wiki/Second_Crusade_-_Constantinople_to_Anatolia
39.750,27.995,38.412295, 27.1418585,39.4,27.2,1147,1149,Second Crusade - Constantinople to İzmir (Smyrna) 5.,מסע הצלב השני - מקונסטנטינופול לאנטוליה,crusades_color,Second Crusade route from Constantinople through Anatolia,https://en.wikipedia.org/wiki/Second_Crusade_-_Constantinople_to_Anatolia
38.412295, 27.1418585,36.89162246960467, 30.708148690121224,38.412295,29,1147,1149,Second Crusade - İzmir (Smyrna) to Antalya 6.,מסע הצלב השני - מאנטוליה לאנטיוכיה,crusades_color,Second Crusade route through Anatolia to Antioch,https://en.wikipedia.org/wiki/Second_Crusade_-_Anatolia_to_Antioch
36.89162246960467, 30.708148690121224,36.20271448, 36.160484,35.1,32.5,1147,1149,Second Crusade - Antalya to Antioch 7.,מסע הצלב השני - מאנטיוכיה לדמשק,crusades_color,Second Crusade route from Antioch to Damascus,https://en.wikipedia.org/wiki/Second_Crusade_-_Antioch_to_Damascus
36.2000,36.1667,34.43578124221604, 35.837756786015525,34.4,36.25,1147,1149,Second Crusade - Antioch to Tripoli 8.,מסע הצלב השלישי - מדארטמות' למסינה,crusades_color,Third Crusade naval route from Dartmouth via Lisbon to Messina,https://en.wikipedia.org/wiki/Third_Crusade_-_Dartmouth_to_Messina
34.43578124221604, 35.837756786015525,32.928, 35.083,34.13,35.75,1147,1149,Second Crusade - Tripoli to Acre 9.,מסע הצלב השלישי - מדארטמות' למסינה,crusades_color,Third Crusade naval route from Dartmouth via Lisbon to Messina,https://en.wikipedia.org/wiki/Third_Crusade_-_Dartmouth_to_Messina
32.928, 35.083,31.778468761, 35.22766133,31.6,34.5,1147,1149,Second Crusade - Acre to Jerusalem 10.,מסע הצלב השלישי - מדארטמות' למסינה,crusades_color,Third Crusade naval route from Dartmouth via Lisbon to Messina,https://en.wikipedia.org/wiki/Third_Crusade_-_Dartmouth_to_Messina
31.778468761, 35.22766133,33.5180396, 36.27843723,32.6,35.6,1147,1149,Second Crusade - Jerusalem to Damascus 11 .,מסע הצלב השלישי - מדארטמות' למסינה,crusades_color,Third Crusade naval route from Dartmouth via Lisbon to Messina,https://en.wikipedia.org/wiki/Third_Crusade_-_Dartmouth_to_Messina
43.2965,5.3698,41.331,9.3,41.26383484243827,8.0,1189,1192,Third Crusade - Marseille to Messina 1a .,מסע הצלב השלישי - ממרסיי למסינה,crusades_color,Third Crusade naval route from Marseille to Messina,https://en.wikipedia.org/wiki/Third_Crusade_-_Marseille_to_Messina
41.331,9.3,39.750,11,41.331,10.,1189,1192,Third Crusade - Marseille to Messina 1b .,מסע הצלב השלישי - ממרסיי למסינה,crusades_color,Third Crusade naval route from Marseille to Messina,https://en.wikipedia.org/wiki/Third_Crusade_-_Marseille_to_Messina
39.750,11,38.6,15.0,39.4,11.,1189,1192,Third Crusade - Marseille to Messina 1c .,מסע הצלב השלישי - ממרסיי למסינה,crusades_color,Third Crusade naval route from Marseille to Messina,https://en.wikipedia.org/wiki/Third_Crusade_-_Marseille_to_Messina
38.6,15.0, 38.2, 15.56,38.35,15.95,1189,1192,Third Crusade - Marseille to Messina 1d .,מסע הצלב השלישי - ממרסיי למסינה,crusades_color,Third Crusade naval route from Marseille to Messina,https://en.wikipedia.org/wiki/Third_Crusade_-_Marseille_to_Messina
44.40767878132093, 8.907,40.0,14.0,42.1,9.2,1189,1192,Third Crusade - Genoa (Genova) to Messina 2a .,מסע הצלב השלישי - מגנואה למסינה,crusades_color,Third Crusade naval route from Genoa to Messina,https://en.wikipedia.org/wiki/Third_Crusade_-_Genoa_to_Messina
40.0,14.0, 38.2, 15.56,38.35,16.135,1189,1192,Third Crusade - Genoa (Genova) to Messina 2b .,מסע הצלב השלישי - מגנואה למסינה,crusades_color,Third Crusade naval route from Genoa to Messina,https://en.wikipedia.org/wiki/Third_Crusade_-_Genoa_to_Messina
38.1939,15.5540,32.9164, 35.06,34.5,16.0,1189,1192,Third Crusade - Messina to Acre 3 .,מסע הצלב השלישי - ממסינה לעכו,crusades_color,Third Crusade naval route from Messina via Crete and Cyprus to Acre,https://en.wikipedia.org/wiki/Third_Crusade_-_Messina_to_Acre
32.9164, 35.06,32.92, 35.07,32.914,35.07,1189,1192,Third Crusade - Messina to Acre 3 .,מסע הצלב השלישי - ממסינה לעכו,crusades_color,Third Crusade naval route from Messina via Crete and Cyprus to Acre,https://en.wikipedia.org/wiki/Third_Crusade_-_Messina_to_Acre
50.3467,-3.5742,38.7223,-9.1393,39.4,-14.5,1189,1192,Third Crusade - Dartmouth to Lisbon 4 .,מסע הצלב השלישי - מדארטמות' לליסבון,crusades_color,Third Crusade naval route from Dartmouth to Lisbon,https://en.wikipedia.org/wiki/Third_Crusade_-_Dartmouth_to_Lisbon
38.7223,-9.1393,35.95,-5.53,36.9,-11.7,1189,1192,Third Crusade - Lisbon to Marseille 5a .,מסע הצלב השלישי - מליסבון למסינה,crusades_color,Third Crusade naval route from Lisbon to Messina,https://en.wikipedia.org/wiki/Third_Crusade_-_Lisbon_to_Messina
35.95,-5.53,39.3,0.75,36.7,0.4,1189,1192,Third Crusade - Lisbon to Marseille 5b .,מסע הצלב השלישי - מליסבון למסינה,crusades_color,Third Crusade naval route from Lisbon to Messina,https://en.wikipedia.org/wiki/Third_Crusade_-_Lisbon_to_Messina
39.3,0.75,43.2965,5.3698,40.2,1.6,1189,1192,Third Crusade - Lisbon to Marseille 5c .,מסע הצלב השלישי - מליסבון למסינה,crusades_color,Third Crusade naval route from Lisbon to Messina,https://en.wikipedia.org/wiki/Third_Crusade_-_Lisbon_to_Messina
43.2965,5.3698,44.40767878132093, 8.9041244123298,42.1,6.0,1189,1192,Third Crusade - Marseille to Genoa (Genova) 6 .,מסע הצלב השלישי - מגנואה למסינה,crusades_color,Third Crusade naval route from Genoa to Messina,https://en.wikipedia.org/wiki/Third_Crusade_-_Genoa_to_Messina
38.1939,15.5540,35.96, 24.0,36.77,15.5540,1189,1192,Third Crusade - Messina to Iraklion (Candia) 7a .,מסע הצלב השלישי - ממסינה לכרתים,crusades_color,Third Crusade naval route from Messina to Crete,https://en.wikipedia.org/wiki/Third_Crusade_-_Messina_to_Crete
35.96, 24.0,35.33615438, 25.138676856,35.7, 25.138676856,1189,1192,Third Crusade - Messina to Iraklion (Candia) 7b .,מסע הצלב השלישי - ממסינה לכרתים,crusades_color,Third Crusade naval route from Messina to Crete,https://en.wikipedia.org/wiki/Third_Crusade_-_Messina_to_Crete
35.33615438, 25.138676856,36.1234, 27.71,36.2,26.2,1189,1192,Third Crusade - Iraklion (Candia) to Rhodes 8 .,מסע הצלב השלישי - מכרתים לעכו,crusades_color,Third Crusade naval route from Crete via Cyprus to Acre,https://en.wikipedia.org/wiki/Third_Crusade_-_Crete_to_Acre
36.1234, 27.71,34.7,29.0,35.1,27.4,1189,1192,Third Crusade - Rhodes to Limassol 9a .,מסע הצלב השלישי - מכרתים לעכו,crusades_color,Third Crusade naval route from Crete via Cyprus to Acre,https://en.wikipedia.org/wiki/Third_Crusade_-_Crete_to_Acre
34.7,29.0,34.67, 33.04114565,33.8,33.7,1189,1192,Third Crusade - Rhodes to Limassol 9b,מסע הצלב השלישי - מכרתים לעכו,crusades_color,Third Crusade naval route from Crete via Cyprus to Acre,https://en.wikipedia.org/wiki/Third_Crusade_-_Crete_to_Acre
34.671, 33.04114565,34.87, 33.58,34.7, 33.05,1189,1192,Third Crusade - Limassol to Famagusta 10a .,מסע הצלב השלישי - מכרתים לעכו,crusades_color,Third Crusade naval route from Crete via Cyprus to Acre,https://en.wikipedia.org/wiki/Third_Crusade_-_Crete_to_Acre
34.87, 33.58,35.1224955, 33.94433993,35.1,33.65,1189,1192,Third Crusade - Limassol to Famagusta 10b .,מסע הצלב השלישי - מכרתים לעכו,crusades_color,Third Crusade naval route from Crete via Cyprus to Acre,https://en.wikipedia.org/wiki/Third_Crusade_-_Crete_to_Acre
35.1224955, 33.948,34.5,34.4,35.1224955,34.2,1189,1192,Third Crusade - Famagusta to Acre 11a .,מסע הצלב השלישי - מכרתים לעכו,crusades_color,Third Crusade naval route from Crete via Cyprus to Acre,https://en.wikipedia.org/wiki/Third_Crusade_-_Crete_to_Acre
34.5,34.4,32.92, 35.07,32.82,35.03,1189,1192,Third Crusade - Famagusta to Acre 11b .,מסע הצלב השלישי - מכרתים לעכו,crusades_color,Third Crusade naval route from Crete via Cyprus to Acre,https://en.wikipedia.org/wiki/Third_Crusade_-_Crete_to_Acre
48.864716,2.349014,45.74846,4.84671,47,5.42,1189,1192,Third Crusade - Paris-Lion 12 .,מסע הצלב השלישי - מכרתים לעכו,crusades_color,Third Crusade naval route from Crete via Cyprus to Acre,https://en.wikipedia.org/wiki/Third_Crusade_-_Crete_to_Acre
45.74846,4.84671,43.2965,5.3698,43.55,5.10,1189,1192,Third Crusade - Lion-Marseille 13 . ,מסע הצלב השלישי - מכרתים לעכו,crusades_color,Third Crusade naval route from Crete via Cyprus to Acre,https://en.wikipedia.org/wiki/Third_Crusade_-_Crete_to_Acre
48.864716,2.349014,49.1197,6.1764,49.2,6.1,1189,1192,Third Crusade - Paris-Metz 14 .,מסע הצלב השלישי - מכרתים לעכו,crusades_color,Third Crusade naval route from Crete via Cyprus to Acre,https://en.wikipedia.org/wiki/Third_Crusade_-_Crete_to_Acre
49.1197,6.1764,49.012388,12.0988,49.012388,12.0988,1189,1192,Third Crusade - Metz-Regensburg 15 .,מסע הצלב השלישי - מכרתים לעכו,crusades_color,Third Crusade naval route from Crete via Cyprus to Acre,https://en.wikipedia.org/wiki/Third_Crusade_-_Crete_to_Acre
49.012388,12.0988,48.2073923, 16.375864,47.8,15.2,1189,1192,Third Crusade - Regensburg to Vienna 16 .,מסע הצלב השלישי - מכרתים לעכו,crusades_color,Third Crusade naval route from Crete via Cyprus to Acre,https://en.wikipedia.org/wiki/Third_Crusade_-_Crete_to_Acre
48.2065, 16.377,45.3,18.9,45.7,17.0,1189,1192,Third Crusade - Vienna to Niš (Naissus)   17a .,מסע הצלב השלישי - מכרתים לעכו,crusades_color,Third Crusade naval route from Crete via Cyprus to Acre,https://en.wikipedia.org/wiki/Third_Crusade_-_Crete_to_Acre
45.3,18.9,43.3218026, 21.8956,44.05, 21.89,1189,1192,Third Crusade - Vienna to Niš (Naissus)   17b .,מסע הצלב השלישי - מכרתים לעכו,crusades_color,Third Crusade naval route from Crete via Cyprus to Acre,https://en.wikipedia.org/wiki/Third_Crusade_-_Crete_to_Acre
43.3218026, 21.8956,41.71591, 26.547316,42.1,24,1189,1192,Third Crusade - Niš (Naissus) to Edirne (Adrianople) 18 .,מסע הצלב השלישי - מכרתים לעכו,crusades_color,Third Crusade naval route from Crete via Cyprus to Acre,https://en.wikipedia.org/wiki/Third_Crusade_-_Crete_to_Acre
41.71591, 26.547316,40.56, 26.877,40.8,27,1189,1192,Third Crusade - Edirne (Adrianople)  to Kavakköy 19 .,מסע הצלב השלישי - מכרתים לעכו,crusades_color,Third Crusade naval route from Crete via Cyprus to Acre,https://en.wikipedia.org/wiki/Third_Crusade_-_Crete_to_Acre
40.56, 26.877,40.35162772778946, 26.6134108473,40.4,26.54,1189,1192,Third Crusade - Kavakköy to Bayırköy 20 .,מסע הצלב השלישי - מכרתים לעכו,crusades_color,Third Crusade naval route from Crete via Cyprus to Acre,https://en.wikipedia.org/wiki/Third_Crusade_-_Crete_to_Acre
40.35162772778946, 26.6134108473,38.353864003998304, 28.51636067,39.52,28,1189,1192,Third Crusade - Bayırköy to Alaşehir (Philadelphia) 21,מסע הצלב השלישי - מכרתים לעכו,crusades_color,Third Crusade naval route from Crete via Cyprus to Acre,https://en.wikipedia.org/wiki/Third_Crusade_-_Crete_to_Acre
38.353864003998304, 28.51636067,38.36035814107317, 31.4184053097,38.35,30.11,1189,1192,Third Crusade - Alaşehir (Philadelphia) to Akşehir (Philomelium) 22,מסע הצלב השלישי - מכרתים לעכו,crusades_color,Third Crusade naval route from Crete via Cyprus to Acre,https://en.wikipedia.org/wiki/Third_Crusade_-_Crete_to_Acre
38.36035814107317, 31.4184053097, 37.870848633711255, 32.49371241269128,38,32.5,1189,1192,Third Crusade - Akşehir (Philomelium) to Konya (Iconium) 23,מסע הצלב השלישי - מכרתים לעכו,crusades_color,Third Crusade naval route from Crete via Cyprus to Acre,https://en.wikipedia.org/wiki/Third_Crusade_-_Crete_to_Acre
45.4408,12.3155,41.3255276483, 19.455543,43.,15,1202,1204,Fourth Crusade - Venice to Durrës (Dyrrachium) 1 .,מסע הצלב הרביעי - מוונציה לקונסטנטינופול,crusades_color,Fourth Crusade naval route from Venice via Split and Dubrovnik to Constantinople,https://en.wikipedia.org/wiki/Fourth_Crusade_-_Venice_to_Constantinople
41.3255276483, 19.455543,36.275073762428896, 22.59795654999151,38.6,17.4,1202,1204,Fourth Crusade - Durrës (Dyrrachium) to Kythira 2 .,מסע הצלב הרביעי - מוונציה לספליט,crusades_color,Fourth Crusade naval route from Venice to Split,https://en.wikipedia.org/wiki/Fourth_Crusade_-_Venice_to_Split
36.275073762428896, 22.59795654999151,36.35, 23.37,36.5,23,1202,1204,Fourth Crusade - Kythira 3 .,מסע הצלב הרביעי - מספליט לקונסטנטינופול,crusades_color,Fourth Crusade naval route from Split via Dubrovnik to Constantinople,https://en.wikipedia.org/wiki/Fourth_Crusade_-_Split_to_Constantinople
36.35,23.37,37.96263545293329, 24.61650187223011,37.1,23.54,1202,1204,Fourth Crusade - Kythira to Platanistos 4 .,מסע הצלב הרביעי - מספליט לקונסטנטינופול,crusades_color,Fourth Crusade naval route from Split via Dubrovnik to Constantinople,https://en.wikipedia.org/wiki/Fourth_Crusade_-_Split_to_Constantinople
37.96263545293329, 24.61650187223011,39.9910857298314, 26.12684753038931,39.7,25.5,1202,1204,Fourth Crusade - Platanistos to Seddülbahir 5 .,מסע הצלב הרביעי - מספליט לקונסטנטינופול,crusades_color,Fourth Crusade naval route from Split via Dubrovnik to Constantinople,https://en.wikipedia.org/wiki/Fourth_Crusade_-_Split_to_Constantinople
39.9910857298314, 26.12684753038931,40.19607607325662, 26.38815409938994,40.1,26.43,1202,1204,Fourth Crusade - Seddülbahir to Kilitbahir 6,מסע הצלב הרביעי - מספליט לקונסטנטינופול,crusades_color,Fourth Crusade naval route from Split via Dubrovnik to Constantinople,https://en.wikipedia.org/wiki/Fourth_Crusade_-_Split_to_Constantinople
40.19607607325662, 26.38815409938994,40.439365380686, 26.765541187790788,40.22,26.5,1202,1204,Fourth Crusade - Split to Constantinople 7,מסע הצלב הרביעי - מספליט לקונסטנטינופול,crusades_color,Fourth Crusade naval route from Split via Dubrovnik to Constantinople,https://en.wikipedia.org/wiki/Fourth_Crusade_-_Split_to_Constantinople
40.439365380686, 26.765541187790788,40.79795274886631,28.,40.6,27,1202,1204,Fourth Crusade - Split to Constantinople 8,מסע הצלב הרביעי - מספליט לקונסטנטינופול,crusades_color,Fourth Crusade naval route from Split via Dubrovnik to Constantinople,https://en.wikipedia.org/wiki/Fourth_Crusade_-_Split_to_Constantinople
40.79795274886631,28.,41.0082,28.9784,40.8,28.8,1202,1204,Fourth Crusade - Split to Constantinople 9,מסע הצלב הרביעי - מספליט לקונסטנטינופול,crusades_color,Fourth Crusade naval route from Split via Dubrovnik to Constantinople,https://en.wikipedia.org/wiki/Fourth_Crusade_-_Split_to_Constantinople
51.5074,-0.1278,42,0,49,5.0,1290,1290,Expulsion from England (1290),גירוש מאנגליה (1290),expulsion_color,King Edward I issued the Edict of Expulsion removing all Jews from England,https://en.wikipedia.org/wiki/Expulsion_from_England
51.5074,-0.1278,49,4.0,49,4.0,1290,1290,Expulsion from England (1290),גירוש מאנגליה (1290),expulsion_color,King Edward I issued the Edict of Expulsion removing all Jews from England,https://en.wikipedia.org/wiki/Expulsion_from_England
51.5074,-0.1278,52.1,5.37,49.7,5.0,1290,1290,Expulsion from England (1290),גירוש מאנגליה (1290),expulsion_color,King Edward I issued the Edict of Expulsion removing all Jews from England,https://en.wikipedia.org/wiki/Expulsion_from_England
46.2276,2.2137,44,6,45,4.777,1306,1306,Expulsion from France (1306) to Provence,גירוש מצרפת (1306),expulsion_color,King Philip IV expelled Jews from France largely to confiscate their property to fund wars,https://he.wikipedia.org/wiki/%D7%92%D7%99%D7%A8%D7%95%D7%A9_%D7%A6%D7%A8%D7%A4%D7%AA_%D7%94%D7%92%D7%93%D7%95%D7%9C
46.2276,2.2137,41.65, -0.9,44,0.40,1306,1306,Expulsion from France (1306) to Kingdom of Aragon,גירוש מצרפת (1306),expulsion_color,King Philip IV expelled Jews from France largely to confiscate their property to fund wars,https://he.wikipedia.org/wiki/%D7%92%D7%99%D7%A8%D7%95%D7%A9_%D7%A6%D7%A8%D7%A4%D7%AA_%D7%94%D7%92%D7%93%D7%95%D7%9C
46.2276,2.2137,42.816944, -1.642778,44,0,1306,1306,Expulsion from France (1306) to Kingdom of Navarre,גירוש מצרפת (1306),expulsion_color,King Philip IV expelled Jews from France largely to confiscate their property to fund wars,https://he.wikipedia.org/wiki/%D7%92%D7%99%D7%A8%D7%95%D7%A9_%D7%A6%D7%A8%D7%A4%D7%AA_%D7%94%D7%92%D7%93%D7%95%D7%9C
46.2276,2.2137,51.06, 3.72,49.0,6.5,1306,1306,Expulsion from France (1306) to County of Flanders,גירוש מצרפת (1306),expulsion_color,King Philip IV expelled Jews from France largely to confiscate their property to fund wars,https://he.wikipedia.org/wiki/%D7%92%D7%99%D7%A8%D7%95%D7%A9_%D7%A6%D7%A8%D7%A4%D7%AA_%D7%94%D7%92%D7%93%D7%95%D7%9C
48.5734,7.7521,48.207,10.0,48.207,10.0,1349,1349,Expulsion from Strasbourg (1349),גירוש משטרסבורג (1349),expulsion_color,Following the Black Death persecutions Jews were expelled from Strasbourg,https://en.wikipedia.org/wiki/Expulsion_from_Strasbourg
48.1351,11.5820,52.0,20.0,50.0,15.0,1348,1350,Black Death Expulsions (1348-1350),גירושים במגפת המוות השחור (1348-1350),expulsion_color,During the Black Death Jews were accused of poisoning wells and faced expulsions across German states,https://en.wikipedia.org/wiki/Black_Death_Expulsions
47.1625,19.5033,52.0,20.0,49.0,19.0,1360,1364,Expulsion from Hungary (1360-1364),גירוש מהונגריה (1360-1364),expulsion_color,King Louis I expelled Jews from Hungary; they were allowed to return in 1364,https://en.wikipedia.org/wiki/Expulsion_from_Hungary
46.2276,2.2137,52.0,20.0,49.0,11.0,1394,1394,Final Expulsion from France (1394),גירוש סופי מצרפת (1394),expulsion_color,A final expulsion by Charles VI removed the Jewish population from France with most Jews fleeing to Eastern Europe and Poland,https://en.wikipedia.org/wiki/Final_Expulsion_from_France
48.2082,16.3738,52.0,20.0,50.0,18.0,1421,1421,Expulsion from Austria (1421),גירוש מאוסטריה (1421),expulsion_color,Duke Albert V ordered the expulsion of Jews from Austria known as the Vienna Gesera,https://en.wikipedia.org/wiki/Expulsion_from_Austria
51.0504,13.7373,52.0,20.0,51.0,16.0,1432,1432,Expulsion from Saxony (1432),גירוש מסקסוניה (1432),expulsion_color,Jews were expelled from Saxony Germany,https://en.wikipedia.org/wiki/Expulsion_from_Saxony
50.0755,8.2398,52.0,20.0,51.0,14.0,1438,1438,Expulsion from Mainz (1438),גירוש ממיינץ (1438),expulsion_color,Jews were expelled from Mainz a major center of Jewish learning,https://en.wikipedia.org/wiki/Expulsion_from_Mainz
48.1351,11.5820,52.0,20.0,50.0,15.0,1442,1442,Expulsion from Bavaria (1442),גירוש מבוואריה (1442),expulsion_color,Duke Albrecht III expelled Jews from Upper Bavaria,https://en.wikipedia.org/wiki/Expulsion_from_Bavaria
52.3676,4.9041,52.0,20.0,52.0,12.0,1444,1444,Expulsion from Netherlands (1444),גירוש מהולנד (1444),expulsion_color,Jews were expelled from the Netherlands but were later allowed to return,https://en.wikipedia.org/wiki/Expulsion_from_Netherlands
51.1079,17.0385,52.0,20.0,51.0,18.0,1453,1453,Expulsion from Breslau (1453),גירוש מברסלאו (1453),expulsion_color,Jews were expelled from Breslau (now Wrocław Poland),https://en.wikipedia.org/wiki/Expulsion_from_Breslau
50.0647,19.9450,52.0,20.0,51.0,20.0,1453,1453,Expulsion from Poland (1453),גירוש מפולין (1453),expulsion_color,Jews were expelled from parts of Poland following accusations of ritual murder,https://en.wikipedia.org/wiki/Expulsion_from_Poland
50.9787,11.0328,52.0,20.0,51.0,15.0,1458,1458,Expulsion from Erfurt (1458),גירוש מארפורט (1458),expulsion_color,Jews were expelled from Erfurt Germany,https://en.wikipedia.org/wiki/Expulsion_from_Erfurt
53.4285,14.5528,52.0,20.0,52.0,17.0,1492,1492,Expulsion from Pomerania (1492),גירוש מפומרניה (1492),expulsion_color,Jews were expelled from the Duchy of Pomerania,https://en.wikipedia.org/wiki/Expulsion_from_Pomerania
53.6288,12.2471,52.0,20.0,52.0,16.0,1492,1492,Expulsion from Mecklenburg (1492),גירוש ממקלנבורג (1492),expulsion_color,Jews were expelled from Mecklenburg Germany,https://en.wikipedia.org/wiki/Expulsion_from_Mecklenburg
49.8397,24.0297,52.0,20.0,51.0,22.0,1494,1494,Expulsion from Galicia (1494),גירוש מגליציה (1494),expulsion_color,Jews were expelled from Galicia (now part of Poland and Ukraine),https://en.wikipedia.org/wiki/Expulsion_from_Galicia
39.3999,-8.2245,40.0,-3.0,39.5,-5.5,1497,1497,Expulsion from Portugal (1497),גירוש מפורטוגל (1497),expulsion_color,A similar expulsion was issued from Portugal contributing to the spread of the Sephardic diaspora,https://en.wikipedia.org/wiki/Expulsion_from_Portugal
49.4521,11.0767,52.0,20.0,50.0,15.0,1498,1498,Expulsion from Nuremberg (1498),גירוש מנירנברג (1498),expulsion_color,Jews were expelled from Nuremberg by an order of the Holy Roman Emperor Maximilian I,https://en.wikipedia.org/wiki/Expulsion_from_Nuremberg
39.88207,-3.9341,50,13.4050,45,5,1492,1500,Spanish Expulsion to Central Europe,גירוש ספרד למרכז אירופה,expulsion_color,Migration of Sephardic Jews after the Spanish Inquisition,https://en.wikipedia.org/wiki/Spanish_Expulsion_to_Central_Europe
39.88207,-3.9341,30.045964312758123,31.236493887508182,28,-13,1492,1500,Spanish Expulsion to North Africa,גירוש ספרד לצפון אפריקה,expulsion_color,Migration of Sephardic Jews after the Spanish Inquisition,https://en.wikipedia.org/wiki/Spanish_Expulsion_to_North_Africa
50.0647,19.9450,52.0,20.0,51.0,20.0,1495,1501,Expulsion from Kraków (1495-1501),גירוש מקרקוב (1495-1501),expulsion_color,King John I Albert expelled Jews from Kraków; they were allowed to return in 1501,https://en.wikipedia.org/wiki/Expulsion_from_Kraków
54.6872,25.2797,52.0,20.0,53.0,22.0,1495,1503,Expulsion from Lithuania (1495-1503),גירוש מליטא (1495-1503),expulsion_color,Grand Duke Alexander expelled Jews from Lithuania; they were allowed to return in 1503,https://en.wikipedia.org/wiki/Expulsion_from_Lithuania
52.5200,13.4050,52.0,20.0,52.0,16.0,1510,1510,Expulsion from Brandenburg (1510),גירוש מברנדנבורג (1510),expulsion_color,Following a blood libel accusation Jews were expelled from Brandenburg,https://en.wikipedia.org/wiki/Expulsion_from_Brandenburg
44.4056,8.9463,52.0,20.0,48.0,14.0,1515,1515,Expulsion from Genoa (1515),גירוש מגנואה (1515),expulsion_color,Jews were expelled from Genoa Italy,https://en.wikipedia.org/wiki/Expulsion_from_Genoa
49.0134,12.1016,52.0,20.0,50.0,16.0,1519,1519,Expulsion from Regensburg (1519),גירוש מרגנסבורג (1519),expulsion_color,After the death of Emperor Maximilian I Jews were expelled from Regensburg,https://en.wikipedia.org/wiki/Expulsion_from_Regensburg
40.0,-3.0,40.0,-3.0,40.0,-3.0,1533,1533,Expulsion from Kingdom of Naples (1533),גירוש מממלכת נאפולי (1533),expulsion_color,Jews were expelled from the Kingdom of Naples under Spanish rule,https://en.wikipedia.org/wiki/Expulsion_from_Kingdom_of_Naples
40.8518,14.2681,40.0,-3.0,40.0,5.0,1541,1541,Expulsion from Naples (1541),גירוש מנאפולי (1541),expulsion_color,Under Spanish rule Jews were expelled from the Kingdom of Naples,https://en.wikipedia.org/wiki/Expulsion_from_Naples
50.0755,14.4378,52.0,20.0,51.0,17.0,1542,1545,Expulsion from Bohemia (1542-1545),גירוש מבוהמיה (1542-1545),expulsion_color,King Ferdinand I ordered the expulsion of Jews from Bohemia; they were allowed to return in 1545,https://en.wikipedia.org/wiki/Expulsion_from_Bohemia
50.0647,19.9450,52.0,20.0,51.0,20.0,1555,1555,Expulsion from Poland (1555),גירוש מפולין (1555),expulsion_color,Jews were expelled from parts of Poland following accusations of desecrating the host,https://en.wikipedia.org/wiki/Expulsion_from_Poland
49.7913,9.9534,52.0,20.0,51.0,15.0,1560,1560,Expulsion from Würzburg (1560),גירוש מוירצבורג (1560),expulsion_color,Jews were expelled from Würzburg Germany,https://en.wikipedia.org/wiki/Expulsion_from_Würzburg
50.0755,14.4378,52.0,20.0,51.0,17.0,1561,1561,Expulsion from Bohemia (1561),גירוש מבוהמיה (1561),expulsion_color,Jews were expelled from Bohemia again under Emperor Ferdinand I,https://en.wikipedia.org/wiki/Expulsion_from_Bohemia
41.9028,12.4964,52.0,20.0,47.0,16.0,1569,1569,Expulsion from Papal States (1569),גירוש ממדינת האפיפיור (1569),expulsion_color,Pope Pius V expelled Jews from most of the Papal States allowing them to reside only in Rome and Ancona,https://en.wikipedia.org/wiki/Expulsion_from_Papal_States
50.2649,19.0238,52.0,20.0,51.0,19.0,1582,1582,Expulsion from Silesia (1582),גירוש משלזיה (1582),expulsion_color,Jews were expelled from Silesia (now part of Poland and the Czech Republic),https://en.wikipedia.org/wiki/Expulsion_from_Silesia
47.1625,19.5033,52.0,20.0,49.0,19.0,1582,1582,Expulsion from Hungary (1582),גירוש מהונגריה (1582),expulsion_color,Jews were expelled from Hungary again under Emperor Rudolf II,https://en.wikipedia.org/wiki/Expulsion_from_Hungary
41.9028,12.4964,52.0,20.0,47.0,16.0,1593,1593,Expulsion from Papal States (1593),גירוש ממדינת האפיפיור (1593),expulsion_color,Pope Clement VIII expelled Jews from most of the Papal States allowing them to reside only in Rome and Ancona,https://en.wikipedia.org/wiki/Expulsion_from_Papal_States
45.4642,9.1900,52.0,20.0,48.0,14.0,1597,1597,Expulsion from Milan (1597),גירוש ממילאנו (1597),expulsion_color,Jews were expelled from Milan Italy,https://en.wikipedia.org/wiki/Expulsion_from_Milan
50.1109,8.6821,52.0,20.0,51.0,14.0,1614,1616,Expulsion from Frankfurt (1614-1616),גירוש מפרנקפורט (1614-1616),expulsion_color,Vincent Fettmilch led a pogrom resulting in the expulsion of Jews from Frankfurt; they were readmitted two years later,https://en.wikipedia.org/wiki/Expulsion_from_Frankfurt
49.8397,24.0297,52.0,20.0,51.0,22.0,1648,1648,Khmelnytsky Uprising (1648),מרד חמלניצקי (1648),expulsion_color,During the Khmelnytsky Uprising Jews were massacred and expelled from parts of Galicia,https://en.wikipedia.org/wiki/Khmelnytsky_Uprising
53.5511,9.9937,52.0,20.0,52.0,15.0,1649,1649,Expulsion from Hamburg (1649),גירוש מהמבורג (1649),expulsion_color,Jews were expelled from Hamburg but were later readmitted,https://en.wikipedia.org/wiki/Expulsion_from_Hamburg
50.0647,19.9450,52.0,20.0,51.0,20.0,1655,1655,Swedish Invasion Expulsions (1655),גירושים בפלישת שוודיה (1655),expulsion_color,During the Swedish invasion of Poland Jews were expelled from various towns,https://en.wikipedia.org/wiki/Swedish_Invasion_Expulsions
52.0,20.0,51.5074,-0.1278,51.5,10.0,1656,1656,Readmission to England (1656),חזרה לאנגליה (1656),emigration_color,The Jewish community was formally readmitted to England ending the period of expulsion,https://en.wikipedia.org/wiki/Readmission_to_England
48.2082,16.3738,52.0,20.0,50.0,18.0,1670,1670,Expulsion from Vienna (1670),גירוש מוינה (1670),expulsion_color,Emperor Leopold I ordered the expulsion of Jews from Vienna,https://en.wikipedia.org/wiki/Expulsion_from_Vienna
50.590556,21.002778,31.7683,35.2137,49.5,17,1697,1710,Aliyah of Judah HeHasid, עליית רבי יהודה החסיד  (1000 איש),emigration_color,en.wikipedia.org/wiki/Judah_HeHasid_(Jerusalem),https://en.wikipedia.org/wiki/Aliyah_of_Judah_HeHasid
45.0703,7.6869,52.0,20.0,48.0,14.0,1720,1720,Expulsion from Duchy of Savoy (1720),גירוש מדוכסות סבויה (1720),expulsion_color,Jews were expelled from the Duchy of Savoy,https://en.wikipedia.org/wiki/Expulsion_from_Duchy_of_Savoy
50.0755,14.4378,52.0,20.0,51.0,17.0,1745,1748,Expulsion from Prague (1745-1748),גירוש מפראג (1745-1748),expulsion_color,Empress Maria Theresa ordered the expulsion of Jews from Prague; they were permitted to return in 1748,https://en.wikipedia.org/wiki/Expulsion_from_Prague
49.7437,15.3386,52.0,20.0,50.0,17.0,1744,1748,Expulsion from Bohemia and Moravia (1744-1748),גירוש מבוהמיה ומוראביה (1744-1748),expulsion_color,Empress Maria Theresa ordered the expulsion of Jews from Bohemia and Moravia; the order was rescinded in 1748,https://en.wikipedia.org/wiki/Expulsion_from_Bohemia_and_Moravia
50.0755,14.4378,52.0,20.0,51.0,17.0,1744,1748,Expulsion from Bohemia (1744-1748),גירוש מבוהמיה (1744-1748),expulsion_color,Empress Maria Theresa ordered the expulsion of Jews from Bohemia; the order was rescinded in 1748,https://en.wikipedia.org/wiki/Expulsion_from_Bohemia
49.7437,15.3386,52.0,20.0,51.0,17.0,1744,1748,Expulsion from Moravia (1744-1748),גירוש ממוראביה (1744-1748),expulsion_color,Empress Maria Theresa ordered the expulsion of Jews from Moravia; the order was rescinded in 1748,https://en.wikipedia.org/wiki/Expulsion_from_Moravia
50.0647,19.9450,52.0,20.0,51.0,20.0,1768,1768,Bar Confederation Expulsions (1768),גירושים בברית בר (1768),expulsion_color,Following the Bar Confederation Jews were expelled from parts of Poland,https://en.wikipedia.org/wiki/Bar_Confederation_Expulsions
50.0647,19.9450,52.0,20.0,51.0,20.0,1795,1795,Third Partition Expulsions (1795),גירושים בחלוקה השלישית (1795),expulsion_color,Following the Third Partition of Poland Jews were expelled from areas annexed by Prussia,https://en.wikipedia.org/wiki/Third_Partition_Expulsions
50.9375,6.9603,52.0,20.0,51.0,13.0,1424,1798,Expulsion from Cologne (1424-1798),גירוש מקלן (1424-1798),expulsion_color,Jews were expelled from Cologne and not readmitted until 1798,https://en.wikipedia.org/wiki/Expulsion_from_Cologne
52.2297,21.0122,52.0,20.0,52.0,20.0,1483,1800,Expulsion from Warsaw (1483-1800),גירוש מוורשה (1483-1800),expulsion_color,Jews were expelled from Warsaw Poland and not allowed to return until the late 18th century,https://en.wikipedia.org/wiki/Expulsion_from_Warsaw
50.0647,19.9450,52.0,20.0,51.0,20.0,1846,1846,Kraków Uprising Expulsions (1846),גירושים במרד קרקוב (1846),expulsion_color,Following the Kraków Uprising Jews were expelled from Kraków,https://en.wikipedia.org/wiki/Kraków_Uprising_Expulsions
53.8655,10.6865,52.0,20.0,52.0,15.0,1816,1850,Expulsion from Lübeck (1816-1850),גירוש מליבק (1816-1850),expulsion_color,Jews were expelled from Lübeck and not allowed to return until the mid-19th century,https://en.wikipedia.org/wiki/Expulsion_from_Lübeck
50.0647,19.9450,52.0,20.0,51.0,20.0,1881,1881,Pogrom Expulsions (1881),גירושים בפוגרומים (1881),expulsion_color,Following the assassination of Tsar Alexander II pogroms led to the expulsion of Jews from various towns,https://en.wikipedia.org/wiki/Pogrom_Expulsions
50.0647,19.9450,52.0,20.0,51.0,20.0,1919,1919,Polish-Soviet War Expulsions (1919),גירושים במלחמה הפולנית-סובייטית (1919),expulsion_color,Following World War I Jews were expelled from parts of Poland during the Polish–Soviet War,https://en.wikipedia.org/wiki/Polish-Soviet_War_Expulsions
52.5200,23.4050,40.69857,-74.0401,60,-25,1880,1920,Eastern European Immigration to America,הגירה ממזרח אירופה לאמריקה,emigration_color,Mass migration during the late 19th and early 20th centuries,https://en.wikipedia.org/wiki/Eastern_European_Immigration_to_America
